{
	"info": {
		"_postman_id": "53ed948b-f424-4270-9db3-7d9306e98798",
		"name": "Bording Finder",
		"schema": "https://schema.getpostman.com/json/collection/v2.1.0/collection.json"
	},
	"item": [
		{
			"name": "Login/Register",
			"item": [
				{
					"name": "Sign up",
					"request": {
						"method": "POST",
						"header": [],
						"body": {
							"mode": "formdata",
							"formdata": [
								{
									"key": "fullName",
									"value": "Rasidu",
									"type": "text"
								},
								{
									"key": "address",
									"value": "Galle",
									"type": "text"
								},
								{
									"key": "phone",
									"value": "0761631054",
									"type": "text"
								},
								{
									"key": "occupation",
									"value": "2021-10-20",
									"type": "text"
								},
								{
									"key": "email",
									"value": "rasidu@gmail.com",
									"type": "text"
								},
								{
									"key": "password",
									"value": "12345",
									"type": "text"
								},
								{
									"key": "avatar",
									"type": "file",
									"src": "/C:/Users/sjpee/OneDrive/Pictures/user.jpg"
								},
								{
									"key": "gender",
									"value": "Male",
									"type": "text"
								}
							]
						},
						"url": {
							"raw": "http://localhost:8081/api/users/signup/app-client",
							"protocol": "http",
							"host": [
								"localhost"
							],
							"port": "8081",
							"path": [
								"api",
								"users",
								"signup",
								"app-client"
							]
						}
					},
					"response": []
				},
				{
					"name": "get users",
					"request": {
						"method": "GET",
						"header": [],
						"url": {
							"raw": "http://localhost:8081/api/users/get/1",
							"protocol": "http",
							"host": [
								"localhost"
							],
							"port": "8081",
							"path": [
								"api",
								"users",
								"get",
								"1"
							]
						}
					},
					"response": []
				},
				{
					"name": "Login",
					"request": {
						"method": "POST",
						"header": [],
						"body": {
							"mode": "raw",
							"raw": "{\r\n    \"email\":\"udeni@gmail.com\",\r\n    \"password\":\"5JwvAge\"\r\n}",
							"options": {
								"raw": {
									"language": "json"
								}
							}
						},
						"url": {
							"raw": "http://localhost:8081/api/auth",
							"protocol": "http",
							"host": [
								"localhost"
							],
							"port": "8081",
							"path": [
								"api",
								"auth"
							]
						}
					},
					"response": []
				},
				{
					"name": "Signout",
					"request": {
						"method": "POST",
						"header": [],
						"body": {
							"mode": "raw",
							"raw": "{\r\n    \"email\":\"sanjaya@domain.com\"\r\n}",
							"options": {
								"raw": {
									"language": "json"
								}
							}
						},
						"url": {
							"raw": "http://localhost:8081/api/users/signout",
							"protocol": "http",
							"host": [
								"localhost"
							],
							"port": "8081",
							"path": [
								"api",
								"users",
								"signout"
							]
						}
					},
					"response": []
				},
				{
					"name": "Forget password",
					"request": {
						"method": "POST",
						"header": [],
						"body": {
							"mode": "raw",
							"raw": "{\r\n    \"email\":\"udeni@gmail.com\"\r\n}",
							"options": {
								"raw": {
									"language": "json"
								}
							}
						},
						"url": {
							"raw": "http://localhost:8081/api/users/reset-password",
							"protocol": "http",
							"host": [
								"localhost"
							],
							"port": "8081",
							"path": [
								"api",
								"users",
								"reset-password"
							]
						}
					},
					"response": []
				},
				{
					"name": "Update Password",
					"request": {
						"method": "POST",
						"header": [],
						"body": {
							"mode": "raw",
							"raw": "{\r\n    \"loginId\": 12,\r\n    \"oldPsw\": \"naTzRJb\",\r\n    \"newPsw\":\"12345\"\r\n}",
							"options": {
								"raw": {
									"language": "json"
								}
							}
						},
						"url": {
							"raw": "http://localhost:8081/api/users/update-password",
							"protocol": "http",
							"host": [
								"localhost"
							],
							"port": "8081",
							"path": [
								"api",
								"users",
								"update-password"
							]
						}
					},
					"response": []
				}
			]
		},
		{
			"name": "Boarding",
			"item": [
				{
					"name": "Create",
					"request": {
						"method": "POST",
						"header": [],
						"body": {
							"mode": "formdata",
							"formdata": [
								{
									"key": "title",
									"value": "Apartment house Nugegoda",
									"type": "default"
								},
								{
									"key": "price",
									"value": "6800",
									"type": "default"
								},
								{
									"key": "location",
									"value": "Colombo",
									"type": "default"
								},
								{
									"key": "category",
									"value": "student",
									"type": "default"
								},
								{
									"key": "accommodaterId",
									"value": "1",
									"type": "default"
								},
								{
									"key": "gender",
									"value": "Male",
									"type": "default"
								},
								{
									"key": "description",
									"value": "Xuan Huong Lake is 2.8 km from the accommodation, while Yersin Park Da Lat is 2.9 km away. The nearest airport is Lien Khuong, 30 km from Six Six Garden, and the property offers a paid airport shuttle service.",
									"type": "text"
								},
								{
									"key": "image",
									"type": "file",
									"src": "/C:/Users/sjpee/OneDrive/Pictures/istockphoto-1155225988-612x612.jpg"
								},
								{
									"key": "facilities",
									"value": "2,3",
									"type": "text"
								},
								{
									"key": "longitude",
									"value": "80.16298065547007",
									"type": "text"
								},
								{
									"key": "latitude",
									"value": "6.292067408054755",
									"type": "text"
								}
							]
						},
						"url": {
							"raw": "http://localhost:8081/api/boarding",
							"protocol": "http",
							"host": [
								"localhost"
							],
							"port": "8081",
							"path": [
								"api",
								"boarding"
							]
						}
					},
					"response": []
				},
				{
					"name": "Get All",
					"request": {
						"method": "POST",
						"header": [],
						"body": {
							"mode": "raw",
							"raw": "{\r\n    \"facilities\":[1,2, 3, 4, 5],\r\n    \"genders\":[\"female\",\"male\"]\r\n}",
							"options": {
								"raw": {
									"language": "json"
								}
							}
						},
						"url": {
							"raw": "http://localhost:8081/api/boarding/colombo",
							"protocol": "http",
							"host": [
								"localhost"
							],
							"port": "8081",
							"path": [
								"api",
								"boarding",
								"colombo"
							]
						}
					},
					"response": []
				},
				{
					"name": "Show image",
					"request": {
						"method": "GET",
						"header": [],
						"url": {
							"raw": "http://localhost:8081/uploads\\\\1641053715611771f3c9fd2.png",
							"protocol": "http",
							"host": [
								"localhost"
							],
							"port": "8081",
							"path": [
								"uploads",
								"",
								"1641053715611771f3c9fd2.png"
							]
						}
					},
					"response": []
				},
				{
					"name": "Get by Id",
					"request": {
						"method": "GET",
						"header": [],
						"url": {
							"raw": "http://localhost:8081/api/boarding/get?boardingId=9&ownerId=1",
							"protocol": "http",
							"host": [
								"localhost"
							],
							"port": "8081",
							"path": [
								"api",
								"boarding",
								"get"
							],
							"query": [
								{
									"key": "boardingId",
									"value": "9"
								},
								{
									"key": "ownerId",
									"value": "1"
								}
							]
						}
					},
					"response": []
				},
				{
					"name": "Get Owner's Posts by Status",
					"request": {
						"method": "GET",
						"header": [],
						"url": {
							"raw": "http://localhost:8081/api/boarding/getPosts/1/active",
							"protocol": "http",
							"host": [
								"localhost"
							],
							"port": "8081",
							"path": [
								"api",
								"boarding",
								"getPosts",
								"1",
								"active"
							]
						}
					},
					"response": []
				},
				{
					"name": "Update status",
					"request": {
						"method": "PATCH",
						"header": [],
						"url": {
							"raw": "http://localhost:8081/api/boarding/setPostStatus/1/Aactive",
							"protocol": "http",
							"host": [
								"localhost"
							],
							"port": "8081",
							"path": [
								"api",
								"boarding",
								"setPostStatus",
								"1",
								"Aactive"
							]
						}
					},
					"response": []
				}
			]
		},
		{
			"name": "Facilities",
			"item": [
				{
					"name": "Create",
					"request": {
						"method": "POST",
						"header": [],
						"body": {
							"mode": "raw",
							"raw": "{\r\n    \"facility\":\"Swiming Phool\"\r\n}",
							"options": {
								"raw": {
									"language": "json"
								}
							}
						},
						"url": {
							"raw": "http://localhost:8081/api/facilities",
							"protocol": "http",
							"host": [
								"localhost"
							],
							"port": "8081",
							"path": [
								"api",
								"facilities"
							]
						}
					},
					"response": []
				},
				{
					"name": "Get All",
					"request": {
						"method": "GET",
						"header": [],
						"url": {
							"raw": "http://localhost:8081/api/facilities",
							"protocol": "http",
							"host": [
								"localhost"
							],
							"port": "8081",
							"path": [
								"api",
								"facilities"
							]
						}
					},
					"response": []
				},
				{
					"name": "Update",
					"request": {
						"method": "PATCH",
						"header": [],
						"body": {
							"mode": "raw",
							"raw": "{\r\n    \"id\":7,\r\n    \"facility\":\"Updated facility\"\r\n}",
							"options": {
								"raw": {
									"language": "json"
								}
							}
						},
						"url": {
							"raw": "http://localhost:8081/api/facilities",
							"protocol": "http",
							"host": [
								"localhost"
							],
							"port": "8081",
							"path": [
								"api",
								"facilities"
							]
						}
					},
					"response": []
				},
				{
					"name": "Delete",
					"request": {
						"method": "DELETE",
						"header": [],
						"url": {
							"raw": "http://localhost:8081/api/facilities/7",
							"protocol": "http",
							"host": [
								"localhost"
							],
							"port": "8081",
							"path": [
								"api",
								"facilities",
								"7"
							]
						}
					},
					"response": []
				}
			]
		}
	]
}